[{"pos_x": 149.86, "pos_y": -114.935, "rotation": -45.0, "side": "top", "designator": "U1", "mpn": null, "pack": "WQFN-14-1EP_2.5x2.5mm_P0.5mm_EP1.45x1.45mm", "value": "FUSB302BMPX", "mount_type": "smt"}, {"pos_x": 156.845, "pos_y": -122.56, "rotation": 0.0, "side": "bottom", "designator": "J2", "mpn": null, "pack": "PinHeader_1x07_P2.54mm_Vertical", "value": "Conn_01x07_Male", "mount_type": "tht"}, {"pos_x": 142.875, "pos_y": -107.31, "rotation": 180.0, "side": "bottom", "designator": "J1", "mpn": null, "pack": "PinHeader_1x07_P2.54mm_Vertical", "value": "Conn_01x07_Male", "mount_type": "tht"}]