[{"pos_x": 70.0, "pos_y": -70.06, "rotation": -45.0, "side": "top", "designator": "U1", "mpn": null, "pack": "WQFN-14-1EP_2.5x2.5mm_P0.5mm_EP1.45x1.45mm", "value": "FUSB302BMPX", "mount_type": "smt"}, {"pos_x": 10.0, "pos_y": -30.06, "rotation": -45.0, "side": "top", "designator": "U1", "mpn": null, "pack": "WQFN-14-1EP_2.5x2.5mm_P0.5mm_EP1.45x1.45mm", "value": "FUSB302BMPX", "mount_type": "smt"}, {"pos_x": 30.0, "pos_y": -30.06, "rotation": -45.0, "side": "top", "designator": "U1", "mpn": null, "pack": "WQFN-14-1EP_2.5x2.5mm_P0.5mm_EP1.45x1.45mm", "value": "FUSB302BMPX", "mount_type": "smt"}, {"pos_x": 50.0, "pos_y": -10.06, "rotation": -45.0, "side": "top", "designator": "U1", "mpn": null, "pack": "WQFN-14-1EP_2.5x2.5mm_P0.5mm_EP1.45x1.45mm", "value": "FUSB302BMPX", "mount_type": "smt"}, {"pos_x": 50.0, "pos_y": -70.06, "rotation": -45.0, "side": "top", "designator": "U1", "mpn": null, "pack": "WQFN-14-1EP_2.5x2.5mm_P0.5mm_EP1.45x1.45mm", "value": "FUSB302BMPX", "mount_type": "smt"}, {"pos_x": 30.0, "pos_y": -50.06, "rotation": -45.0, "side": "top", "designator": "U1", "mpn": null, "pack": "WQFN-14-1EP_2.5x2.5mm_P0.5mm_EP1.45x1.45mm", "value": "FUSB302BMPX", "mount_type": "smt"}, {"pos_x": 10.0, "pos_y": -10.06, "rotation": -45.0, "side": "top", "designator": "U1", "mpn": null, "pack": "WQFN-14-1EP_2.5x2.5mm_P0.5mm_EP1.45x1.45mm", "value": "FUSB302BMPX", "mount_type": "smt"}, {"pos_x": 90.0, "pos_y": -30.06, "rotation": -45.0, "side": "top", "designator": "U1", "mpn": null, "pack": "WQFN-14-1EP_2.5x2.5mm_P0.5mm_EP1.45x1.45mm", "value": "FUSB302BMPX", "mount_type": "smt"}, {"pos_x": 90.0, "pos_y": -50.06, "rotation": -45.0, "side": "top", "designator": "U1", "mpn": null, "pack": "WQFN-14-1EP_2.5x2.5mm_P0.5mm_EP1.45x1.45mm", "value": "FUSB302BMPX", "mount_type": "smt"}, {"pos_x": 70.0, "pos_y": -50.06, "rotation": -45.0, "side": "top", "designator": "U1", "mpn": null, "pack": "WQFN-14-1EP_2.5x2.5mm_P0.5mm_EP1.45x1.45mm", "value": "FUSB302BMPX", "mount_type": "smt"}, {"pos_x": 50.0, "pos_y": -50.06, "rotation": -45.0, "side": "top", "designator": "U1", "mpn": null, "pack": "WQFN-14-1EP_2.5x2.5mm_P0.5mm_EP1.45x1.45mm", "value": "FUSB302BMPX", "mount_type": "smt"}, {"pos_x": 70.0, "pos_y": -10.06, "rotation": -45.0, "side": "top", "designator": "U1", "mpn": null, "pack": "WQFN-14-1EP_2.5x2.5mm_P0.5mm_EP1.45x1.45mm", "value": "FUSB302BMPX", "mount_type": "smt"}, {"pos_x": 30.0, "pos_y": -70.06, "rotation": -45.0, "side": "top", "designator": "U1", "mpn": null, "pack": "WQFN-14-1EP_2.5x2.5mm_P0.5mm_EP1.45x1.45mm", "value": "FUSB302BMPX", "mount_type": "smt"}, {"pos_x": 10.0, "pos_y": -70.06, "rotation": -45.0, "side": "top", "designator": "U1", "mpn": null, "pack": "WQFN-14-1EP_2.5x2.5mm_P0.5mm_EP1.45x1.45mm", "value": "FUSB302BMPX", "mount_type": "smt"}, {"pos_x": 50.0, "pos_y": -30.06, "rotation": -45.0, "side": "top", "designator": "U1", "mpn": null, "pack": "WQFN-14-1EP_2.5x2.5mm_P0.5mm_EP1.45x1.45mm", "value": "FUSB302BMPX", "mount_type": "smt"}, {"pos_x": 90.0, "pos_y": -90.06, "rotation": -45.0, "side": "top", "designator": "U1", "mpn": null, "pack": "WQFN-14-1EP_2.5x2.5mm_P0.5mm_EP1.45x1.45mm", "value": "FUSB302BMPX", "mount_type": "smt"}, {"pos_x": 10.0, "pos_y": -50.06, "rotation": -45.0, "side": "top", "designator": "U1", "mpn": null, "pack": "WQFN-14-1EP_2.5x2.5mm_P0.5mm_EP1.45x1.45mm", "value": "FUSB302BMPX", "mount_type": "smt"}, {"pos_x": 90.0, "pos_y": -70.06, "rotation": -45.0, "side": "top", "designator": "U1", "mpn": null, "pack": "WQFN-14-1EP_2.5x2.5mm_P0.5mm_EP1.45x1.45mm", "value": "FUSB302BMPX", "mount_type": "smt"}, {"pos_x": 30.0, "pos_y": -90.06, "rotation": -45.0, "side": "top", "designator": "U1", "mpn": null, "pack": "WQFN-14-1EP_2.5x2.5mm_P0.5mm_EP1.45x1.45mm", "value": "FUSB302BMPX", "mount_type": "smt"}, {"pos_x": 30.0, "pos_y": -10.06, "rotation": -45.0, "side": "top", "designator": "U1", "mpn": null, "pack": "WQFN-14-1EP_2.5x2.5mm_P0.5mm_EP1.45x1.45mm", "value": "FUSB302BMPX", "mount_type": "smt"}, {"pos_x": 10.0, "pos_y": -90.06, "rotation": -45.0, "side": "top", "designator": "U1", "mpn": null, "pack": "WQFN-14-1EP_2.5x2.5mm_P0.5mm_EP1.45x1.45mm", "value": "FUSB302BMPX", "mount_type": "smt"}, {"pos_x": 90.0, "pos_y": -10.06, "rotation": -45.0, "side": "top", "designator": "U1", "mpn": null, "pack": "WQFN-14-1EP_2.5x2.5mm_P0.5mm_EP1.45x1.45mm", "value": "FUSB302BMPX", "mount_type": "smt"}, {"pos_x": 70.0, "pos_y": -30.06, "rotation": -45.0, "side": "top", "designator": "U1", "mpn": null, "pack": "WQFN-14-1EP_2.5x2.5mm_P0.5mm_EP1.45x1.45mm", "value": "FUSB302BMPX", "mount_type": "smt"}, {"pos_x": 70.0, "pos_y": -90.06, "rotation": -45.0, "side": "top", "designator": "U1", "mpn": null, "pack": "WQFN-14-1EP_2.5x2.5mm_P0.5mm_EP1.45x1.45mm", "value": "FUSB302BMPX", "mount_type": "smt"}, {"pos_x": 50.0, "pos_y": -90.06, "rotation": -45.0, "side": "top", "designator": "U1", "mpn": null, "pack": "WQFN-14-1EP_2.5x2.5mm_P0.5mm_EP1.45x1.45mm", "value": "FUSB302BMPX", "mount_type": "smt"}, {"pos_x": 57.48, "pos_y": -97.685, "rotation": 0.0, "side": "bottom", "designator": "J2", "mpn": null, "pack": "PinHeader_1x07_P2.54mm_Vertical", "value": "Conn_01x07_Male", "mount_type": "tht"}, {"pos_x": 97.48, "pos_y": -77.685, "rotation": 0.0, "side": "bottom", "designator": "J2", "mpn": null, "pack": "PinHeader_1x07_P2.54mm_Vertical", "value": "Conn_01x07_Male", "mount_type": "tht"}, {"pos_x": 37.48, "pos_y": -77.685, "rotation": 0.0, "side": "bottom", "designator": "J2", "mpn": null, "pack": "PinHeader_1x07_P2.54mm_Vertical", "value": "Conn_01x07_Male", "mount_type": "tht"}, {"pos_x": 42.54, "pos_y": -42.425, "rotation": 180.0, "side": "bottom", "designator": "J1", "mpn": null, "pack": "PinHeader_1x07_P2.54mm_Vertical", "value": "Conn_01x07_Male", "mount_type": "tht"}, {"pos_x": 37.48, "pos_y": -17.685, "rotation": 0.0, "side": "bottom", "designator": "J2", "mpn": null, "pack": "PinHeader_1x07_P2.54mm_Vertical", "value": "Conn_01x07_Male", "mount_type": "tht"}, {"pos_x": 82.54, "pos_y": -2.425, "rotation": 180.0, "side": "bottom", "designator": "J1", "mpn": null, "pack": "PinHeader_1x07_P2.54mm_Vertical", "value": "Conn_01x07_Male", "mount_type": "tht"}, {"pos_x": 17.48, "pos_y": -17.685, "rotation": 0.0, "side": "bottom", "designator": "J2", "mpn": null, "pack": "PinHeader_1x07_P2.54mm_Vertical", "value": "Conn_01x07_Male", "mount_type": "tht"}, {"pos_x": 57.48, "pos_y": -17.685, "rotation": 0.0, "side": "bottom", "designator": "J2", "mpn": null, "pack": "PinHeader_1x07_P2.54mm_Vertical", "value": "Conn_01x07_Male", "mount_type": "tht"}, {"pos_x": 77.48, "pos_y": -77.685, "rotation": 0.0, "side": "bottom", "designator": "J2", "mpn": null, "pack": "PinHeader_1x07_P2.54mm_Vertical", "value": "Conn_01x07_Male", "mount_type": "tht"}, {"pos_x": 57.48, "pos_y": -37.685, "rotation": 0.0, "side": "bottom", "designator": "J2", "mpn": null, "pack": "PinHeader_1x07_P2.54mm_Vertical", "value": "Conn_01x07_Male", "mount_type": "tht"}, {"pos_x": 57.48, "pos_y": -57.685, "rotation": 0.0, "side": "bottom", "designator": "J2", "mpn": null, "pack": "PinHeader_1x07_P2.54mm_Vertical", "value": "Conn_01x07_Male", "mount_type": "tht"}, {"pos_x": 77.48, "pos_y": -57.685, "rotation": 0.0, "side": "bottom", "designator": "J2", "mpn": null, "pack": "PinHeader_1x07_P2.54mm_Vertical", "value": "Conn_01x07_Male", "mount_type": "tht"}, {"pos_x": 17.48, "pos_y": -97.685, "rotation": 0.0, "side": "bottom", "designator": "J2", "mpn": null, "pack": "PinHeader_1x07_P2.54mm_Vertical", "value": "Conn_01x07_Male", "mount_type": "tht"}, {"pos_x": 77.48, "pos_y": -17.685, "rotation": 0.0, "side": "bottom", "designator": "J2", "mpn": null, "pack": "PinHeader_1x07_P2.54mm_Vertical", "value": "Conn_01x07_Male", "mount_type": "tht"}, {"pos_x": 17.48, "pos_y": -37.685, "rotation": 0.0, "side": "bottom", "designator": "J2", "mpn": null, "pack": "PinHeader_1x07_P2.54mm_Vertical", "value": "Conn_01x07_Male", "mount_type": "tht"}, {"pos_x": 77.48, "pos_y": -37.685, "rotation": 0.0, "side": "bottom", "designator": "J2", "mpn": null, "pack": "PinHeader_1x07_P2.54mm_Vertical", "value": "Conn_01x07_Male", "mount_type": "tht"}, {"pos_x": 37.48, "pos_y": -57.685, "rotation": 0.0, "side": "bottom", "designator": "J2", "mpn": null, "pack": "PinHeader_1x07_P2.54mm_Vertical", "value": "Conn_01x07_Male", "mount_type": "tht"}, {"pos_x": 17.48, "pos_y": -77.685, "rotation": 0.0, "side": "bottom", "designator": "J2", "mpn": null, "pack": "PinHeader_1x07_P2.54mm_Vertical", "value": "Conn_01x07_Male", "mount_type": "tht"}, {"pos_x": 42.54, "pos_y": -62.425, "rotation": 180.0, "side": "bottom", "designator": "J1", "mpn": null, "pack": "PinHeader_1x07_P2.54mm_Vertical", "value": "Conn_01x07_Male", "mount_type": "tht"}, {"pos_x": 22.54, "pos_y": -2.425, "rotation": 180.0, "side": "bottom", "designator": "J1", "mpn": null, "pack": "PinHeader_1x07_P2.54mm_Vertical", "value": "Conn_01x07_Male", "mount_type": "tht"}, {"pos_x": 2.54, "pos_y": -2.425, "rotation": 180.0, "side": "bottom", "designator": "J1", "mpn": null, "pack": "PinHeader_1x07_P2.54mm_Vertical", "value": "Conn_01x07_Male", "mount_type": "tht"}, {"pos_x": 97.48, "pos_y": -37.685, "rotation": 0.0, "side": "bottom", "designator": "J2", "mpn": null, "pack": "PinHeader_1x07_P2.54mm_Vertical", "value": "Conn_01x07_Male", "mount_type": "tht"}, {"pos_x": 22.54, "pos_y": -62.425, "rotation": 180.0, "side": "bottom", "designator": "J1", "mpn": null, "pack": "PinHeader_1x07_P2.54mm_Vertical", "value": "Conn_01x07_Male", "mount_type": "tht"}, {"pos_x": 62.54, "pos_y": -22.425, "rotation": 180.0, "side": "bottom", "designator": "J1", "mpn": null, "pack": "PinHeader_1x07_P2.54mm_Vertical", "value": "Conn_01x07_Male", "mount_type": "tht"}, {"pos_x": 62.54, "pos_y": -82.425, "rotation": 180.0, "side": "bottom", "designator": "J1", "mpn": null, "pack": "PinHeader_1x07_P2.54mm_Vertical", "value": "Conn_01x07_Male", "mount_type": "tht"}, {"pos_x": 62.54, "pos_y": -2.425, "rotation": 180.0, "side": "bottom", "designator": "J1", "mpn": null, "pack": "PinHeader_1x07_P2.54mm_Vertical", "value": "Conn_01x07_Male", "mount_type": "tht"}, {"pos_x": 2.54, "pos_y": -22.425, "rotation": 180.0, "side": "bottom", "designator": "J1", "mpn": null, "pack": "PinHeader_1x07_P2.54mm_Vertical", "value": "Conn_01x07_Male", "mount_type": "tht"}, {"pos_x": 97.48, "pos_y": -97.685, "rotation": 0.0, "side": "bottom", "designator": "J2", "mpn": null, "pack": "PinHeader_1x07_P2.54mm_Vertical", "value": "Conn_01x07_Male", "mount_type": "tht"}, {"pos_x": 37.48, "pos_y": -97.685, "rotation": 0.0, "side": "bottom", "designator": "J2", "mpn": null, "pack": "PinHeader_1x07_P2.54mm_Vertical", "value": "Conn_01x07_Male", "mount_type": "tht"}, {"pos_x": 22.54, "pos_y": -22.425, "rotation": 180.0, "side": "bottom", "designator": "J1", "mpn": null, "pack": "PinHeader_1x07_P2.54mm_Vertical", "value": "Conn_01x07_Male", "mount_type": "tht"}, {"pos_x": 77.48, "pos_y": -97.685, "rotation": 0.0, "side": "bottom", "designator": "J2", "mpn": null, "pack": "PinHeader_1x07_P2.54mm_Vertical", "value": "Conn_01x07_Male", "mount_type": "tht"}, {"pos_x": 17.48, "pos_y": -57.685, "rotation": 0.0, "side": "bottom", "designator": "J2", "mpn": null, "pack": "PinHeader_1x07_P2.54mm_Vertical", "value": "Conn_01x07_Male", "mount_type": "tht"}, {"pos_x": 22.54, "pos_y": -82.425, "rotation": 180.0, "side": "bottom", "designator": "J1", "mpn": null, "pack": "PinHeader_1x07_P2.54mm_Vertical", "value": "Conn_01x07_Male", "mount_type": "tht"}, {"pos_x": 2.54, "pos_y": -62.425, "rotation": 180.0, "side": "bottom", "designator": "J1", "mpn": null, "pack": "PinHeader_1x07_P2.54mm_Vertical", "value": "Conn_01x07_Male", "mount_type": "tht"}, {"pos_x": 42.54, "pos_y": -82.425, "rotation": 180.0, "side": "bottom", "designator": "J1", "mpn": null, "pack": "PinHeader_1x07_P2.54mm_Vertical", "value": "Conn_01x07_Male", "mount_type": "tht"}, {"pos_x": 97.48, "pos_y": -57.685, "rotation": 0.0, "side": "bottom", "designator": "J2", "mpn": null, "pack": "PinHeader_1x07_P2.54mm_Vertical", "value": "Conn_01x07_Male", "mount_type": "tht"}, {"pos_x": 82.54, "pos_y": -42.425, "rotation": 180.0, "side": "bottom", "designator": "J1", "mpn": null, "pack": "PinHeader_1x07_P2.54mm_Vertical", "value": "Conn_01x07_Male", "mount_type": "tht"}, {"pos_x": 82.54, "pos_y": -62.425, "rotation": 180.0, "side": "bottom", "designator": "J1", "mpn": null, "pack": "PinHeader_1x07_P2.54mm_Vertical", "value": "Conn_01x07_Male", "mount_type": "tht"}, {"pos_x": 22.54, "pos_y": -42.425, "rotation": 180.0, "side": "bottom", "designator": "J1", "mpn": null, "pack": "PinHeader_1x07_P2.54mm_Vertical", "value": "Conn_01x07_Male", "mount_type": "tht"}, {"pos_x": 42.54, "pos_y": -22.425, "rotation": 180.0, "side": "bottom", "designator": "J1", "mpn": null, "pack": "PinHeader_1x07_P2.54mm_Vertical", "value": "Conn_01x07_Male", "mount_type": "tht"}, {"pos_x": 37.48, "pos_y": -37.685, "rotation": 0.0, "side": "bottom", "designator": "J2", "mpn": null, "pack": "PinHeader_1x07_P2.54mm_Vertical", "value": "Conn_01x07_Male", "mount_type": "tht"}, {"pos_x": 2.54, "pos_y": -82.425, "rotation": 180.0, "side": "bottom", "designator": "J1", "mpn": null, "pack": "PinHeader_1x07_P2.54mm_Vertical", "value": "Conn_01x07_Male", "mount_type": "tht"}, {"pos_x": 97.48, "pos_y": -17.685, "rotation": 0.0, "side": "bottom", "designator": "J2", "mpn": null, "pack": "PinHeader_1x07_P2.54mm_Vertical", "value": "Conn_01x07_Male", "mount_type": "tht"}, {"pos_x": 57.48, "pos_y": -77.685, "rotation": 0.0, "side": "bottom", "designator": "J2", "mpn": null, "pack": "PinHeader_1x07_P2.54mm_Vertical", "value": "Conn_01x07_Male", "mount_type": "tht"}, {"pos_x": 62.54, "pos_y": -42.425, "rotation": 180.0, "side": "bottom", "designator": "J1", "mpn": null, "pack": "PinHeader_1x07_P2.54mm_Vertical", "value": "Conn_01x07_Male", "mount_type": "tht"}, {"pos_x": 82.54, "pos_y": -22.425, "rotation": 180.0, "side": "bottom", "designator": "J1", "mpn": null, "pack": "PinHeader_1x07_P2.54mm_Vertical", "value": "Conn_01x07_Male", "mount_type": "tht"}, {"pos_x": 2.54, "pos_y": -42.425, "rotation": 180.0, "side": "bottom", "designator": "J1", "mpn": null, "pack": "PinHeader_1x07_P2.54mm_Vertical", "value": "Conn_01x07_Male", "mount_type": "tht"}, {"pos_x": 82.54, "pos_y": -82.425, "rotation": 180.0, "side": "bottom", "designator": "J1", "mpn": null, "pack": "PinHeader_1x07_P2.54mm_Vertical", "value": "Conn_01x07_Male", "mount_type": "tht"}, {"pos_x": 42.54, "pos_y": -2.425, "rotation": 180.0, "side": "bottom", "designator": "J1", "mpn": null, "pack": "PinHeader_1x07_P2.54mm_Vertical", "value": "Conn_01x07_Male", "mount_type": "tht"}, {"pos_x": 62.54, "pos_y": -62.425, "rotation": 180.0, "side": "bottom", "designator": "J1", "mpn": null, "pack": "PinHeader_1x07_P2.54mm_Vertical", "value": "Conn_01x07_Male", "mount_type": "tht"}]