[{"pos_x": 54.57, "pos_y": -55.25, "rotation": 0.0, "side": "bottom", "designator": "J2", "mpn": null, "pack": "PinHeader_1x07_P2.54mm_Vertical", "value": "Conn_01x07_Male", "mount_type": "tht"}, {"pos_x": 2.54, "pos_y": -78.1, "rotation": 180.0, "side": "bottom", "designator": "J1", "mpn": null, "pack": "PinHeader_1x07_P2.54mm_Vertical", "value": "Conn_01x07_Male", "mount_type": "tht"}, {"pos_x": 16.51, "pos_y": -93.35, "rotation": 0.0, "side": "bottom", "designator": "J2", "mpn": null, "pack": "PinHeader_1x07_P2.54mm_Vertical", "value": "Conn_01x07_Male", "mount_type": "tht"}, {"pos_x": 78.66, "pos_y": -40.0, "rotation": 180.0, "side": "bottom", "designator": "J1", "mpn": null, "pack": "PinHeader_1x07_P2.54mm_Vertical", "value": "Conn_01x07_Male", "mount_type": "tht"}, {"pos_x": 59.63, "pos_y": -59.05, "rotation": 180.0, "side": "bottom", "designator": "J1", "mpn": null, "pack": "PinHeader_1x07_P2.54mm_Vertical", "value": "Conn_01x07_Male", "mount_type": "tht"}, {"pos_x": 2.54, "pos_y": -40.0, "rotation": 180.0, "side": "bottom", "designator": "J1", "mpn": null, "pack": "PinHeader_1x07_P2.54mm_Vertical", "value": "Conn_01x07_Male", "mount_type": "tht"}, {"pos_x": 92.63, "pos_y": -36.2, "rotation": 0.0, "side": "bottom", "designator": "J2", "mpn": null, "pack": "PinHeader_1x07_P2.54mm_Vertical", "value": "Conn_01x07_Male", "mount_type": "tht"}, {"pos_x": 40.6, "pos_y": -1.9, "rotation": 180.0, "side": "bottom", "designator": "J1", "mpn": null, "pack": "PinHeader_1x07_P2.54mm_Vertical", "value": "Conn_01x07_Male", "mount_type": "tht"}, {"pos_x": 21.57, "pos_y": -78.1, "rotation": 180.0, "side": "bottom", "designator": "J1", "mpn": null, "pack": "PinHeader_1x07_P2.54mm_Vertical", "value": "Conn_01x07_Male", "mount_type": "tht"}, {"pos_x": 40.6, "pos_y": -78.1, "rotation": 180.0, "side": "bottom", "designator": "J1", "mpn": null, "pack": "PinHeader_1x07_P2.54mm_Vertical", "value": "Conn_01x07_Male", "mount_type": "tht"}, {"pos_x": 2.54, "pos_y": -1.9, "rotation": 180.0, "side": "bottom", "designator": "J1", "mpn": null, "pack": "PinHeader_1x07_P2.54mm_Vertical", "value": "Conn_01x07_Male", "mount_type": "tht"}, {"pos_x": 2.54, "pos_y": -59.05, "rotation": 180.0, "side": "bottom", "designator": "J1", "mpn": null, "pack": "PinHeader_1x07_P2.54mm_Vertical", "value": "Conn_01x07_Male", "mount_type": "tht"}, {"pos_x": 35.54, "pos_y": -55.25, "rotation": 0.0, "side": "bottom", "designator": "J2", "mpn": null, "pack": "PinHeader_1x07_P2.54mm_Vertical", "value": "Conn_01x07_Male", "mount_type": "tht"}, {"pos_x": 21.57, "pos_y": -20.95, "rotation": 180.0, "side": "bottom", "designator": "J1", "mpn": null, "pack": "PinHeader_1x07_P2.54mm_Vertical", "value": "Conn_01x07_Male", "mount_type": "tht"}, {"pos_x": 78.66, "pos_y": -20.95, "rotation": 180.0, "side": "bottom", "designator": "J1", "mpn": null, "pack": "PinHeader_1x07_P2.54mm_Vertical", "value": "Conn_01x07_Male", "mount_type": "tht"}, {"pos_x": 59.63, "pos_y": -1.9, "rotation": 180.0, "side": "bottom", "designator": "J1", "mpn": null, "pack": "PinHeader_1x07_P2.54mm_Vertical", "value": "Conn_01x07_Male", "mount_type": "tht"}, {"pos_x": 54.57, "pos_y": -74.3, "rotation": 0.0, "side": "bottom", "designator": "J2", "mpn": null, "pack": "PinHeader_1x07_P2.54mm_Vertical", "value": "Conn_01x07_Male", "mount_type": "tht"}, {"pos_x": 92.63, "pos_y": -55.25, "rotation": 0.0, "side": "bottom", "designator": "J2", "mpn": null, "pack": "PinHeader_1x07_P2.54mm_Vertical", "value": "Conn_01x07_Male", "mount_type": "tht"}, {"pos_x": 78.66, "pos_y": -1.9, "rotation": 180.0, "side": "bottom", "designator": "J1", "mpn": null, "pack": "PinHeader_1x07_P2.54mm_Vertical", "value": "Conn_01x07_Male", "mount_type": "tht"}, {"pos_x": 92.63, "pos_y": -74.3, "rotation": 0.0, "side": "bottom", "designator": "J2", "mpn": null, "pack": "PinHeader_1x07_P2.54mm_Vertical", "value": "Conn_01x07_Male", "mount_type": "tht"}, {"pos_x": 54.57, "pos_y": -17.15, "rotation": 0.0, "side": "bottom", "designator": "J2", "mpn": null, "pack": "PinHeader_1x07_P2.54mm_Vertical", "value": "Conn_01x07_Male", "mount_type": "tht"}, {"pos_x": 92.63, "pos_y": -93.35, "rotation": 0.0, "side": "bottom", "designator": "J2", "mpn": null, "pack": "PinHeader_1x07_P2.54mm_Vertical", "value": "Conn_01x07_Male", "mount_type": "tht"}, {"pos_x": 40.6, "pos_y": -40.0, "rotation": 180.0, "side": "bottom", "designator": "J1", "mpn": null, "pack": "PinHeader_1x07_P2.54mm_Vertical", "value": "Conn_01x07_Male", "mount_type": "tht"}, {"pos_x": 35.54, "pos_y": -74.3, "rotation": 0.0, "side": "bottom", "designator": "J2", "mpn": null, "pack": "PinHeader_1x07_P2.54mm_Vertical", "value": "Conn_01x07_Male", "mount_type": "tht"}, {"pos_x": 35.54, "pos_y": -36.2, "rotation": 0.0, "side": "bottom", "designator": "J2", "mpn": null, "pack": "PinHeader_1x07_P2.54mm_Vertical", "value": "Conn_01x07_Male", "mount_type": "tht"}, {"pos_x": 40.6, "pos_y": -20.95, "rotation": 180.0, "side": "bottom", "designator": "J1", "mpn": null, "pack": "PinHeader_1x07_P2.54mm_Vertical", "value": "Conn_01x07_Male", "mount_type": "tht"}, {"pos_x": 59.63, "pos_y": -40.0, "rotation": 180.0, "side": "bottom", "designator": "J1", "mpn": null, "pack": "PinHeader_1x07_P2.54mm_Vertical", "value": "Conn_01x07_Male", "mount_type": "tht"}, {"pos_x": 21.57, "pos_y": -59.05, "rotation": 180.0, "side": "bottom", "designator": "J1", "mpn": null, "pack": "PinHeader_1x07_P2.54mm_Vertical", "value": "Conn_01x07_Male", "mount_type": "tht"}, {"pos_x": 40.6, "pos_y": -59.05, "rotation": 180.0, "side": "bottom", "designator": "J1", "mpn": null, "pack": "PinHeader_1x07_P2.54mm_Vertical", "value": "Conn_01x07_Male", "mount_type": "tht"}, {"pos_x": 16.51, "pos_y": -55.25, "rotation": 0.0, "side": "bottom", "designator": "J2", "mpn": null, "pack": "PinHeader_1x07_P2.54mm_Vertical", "value": "Conn_01x07_Male", "mount_type": "tht"}, {"pos_x": 16.51, "pos_y": -17.15, "rotation": 0.0, "side": "bottom", "designator": "J2", "mpn": null, "pack": "PinHeader_1x07_P2.54mm_Vertical", "value": "Conn_01x07_Male", "mount_type": "tht"}, {"pos_x": 35.54, "pos_y": -93.35, "rotation": 0.0, "side": "bottom", "designator": "J2", "mpn": null, "pack": "PinHeader_1x07_P2.54mm_Vertical", "value": "Conn_01x07_Male", "mount_type": "tht"}, {"pos_x": 73.6, "pos_y": -74.3, "rotation": 0.0, "side": "bottom", "designator": "J2", "mpn": null, "pack": "PinHeader_1x07_P2.54mm_Vertical", "value": "Conn_01x07_Male", "mount_type": "tht"}, {"pos_x": 16.51, "pos_y": -74.3, "rotation": 0.0, "side": "bottom", "designator": "J2", "mpn": null, "pack": "PinHeader_1x07_P2.54mm_Vertical", "value": "Conn_01x07_Male", "mount_type": "tht"}, {"pos_x": 59.63, "pos_y": -20.95, "rotation": 180.0, "side": "bottom", "designator": "J1", "mpn": null, "pack": "PinHeader_1x07_P2.54mm_Vertical", "value": "Conn_01x07_Male", "mount_type": "tht"}, {"pos_x": 54.57, "pos_y": -93.35, "rotation": 0.0, "side": "bottom", "designator": "J2", "mpn": null, "pack": "PinHeader_1x07_P2.54mm_Vertical", "value": "Conn_01x07_Male", "mount_type": "tht"}, {"pos_x": 21.57, "pos_y": -1.9, "rotation": 180.0, "side": "bottom", "designator": "J1", "mpn": null, "pack": "PinHeader_1x07_P2.54mm_Vertical", "value": "Conn_01x07_Male", "mount_type": "tht"}, {"pos_x": 73.6, "pos_y": -36.2, "rotation": 0.0, "side": "bottom", "designator": "J2", "mpn": null, "pack": "PinHeader_1x07_P2.54mm_Vertical", "value": "Conn_01x07_Male", "mount_type": "tht"}, {"pos_x": 16.51, "pos_y": -36.2, "rotation": 0.0, "side": "bottom", "designator": "J2", "mpn": null, "pack": "PinHeader_1x07_P2.54mm_Vertical", "value": "Conn_01x07_Male", "mount_type": "tht"}, {"pos_x": 78.66, "pos_y": -78.1, "rotation": 180.0, "side": "bottom", "designator": "J1", "mpn": null, "pack": "PinHeader_1x07_P2.54mm_Vertical", "value": "Conn_01x07_Male", "mount_type": "tht"}, {"pos_x": 73.6, "pos_y": -55.25, "rotation": 0.0, "side": "bottom", "designator": "J2", "mpn": null, "pack": "PinHeader_1x07_P2.54mm_Vertical", "value": "Conn_01x07_Male", "mount_type": "tht"}, {"pos_x": 54.57, "pos_y": -36.2, "rotation": 0.0, "side": "bottom", "designator": "J2", "mpn": null, "pack": "PinHeader_1x07_P2.54mm_Vertical", "value": "Conn_01x07_Male", "mount_type": "tht"}, {"pos_x": 21.57, "pos_y": -40.0, "rotation": 180.0, "side": "bottom", "designator": "J1", "mpn": null, "pack": "PinHeader_1x07_P2.54mm_Vertical", "value": "Conn_01x07_Male", "mount_type": "tht"}, {"pos_x": 35.54, "pos_y": -17.15, "rotation": 0.0, "side": "bottom", "designator": "J2", "mpn": null, "pack": "PinHeader_1x07_P2.54mm_Vertical", "value": "Conn_01x07_Male", "mount_type": "tht"}, {"pos_x": 73.6, "pos_y": -93.35, "rotation": 0.0, "side": "bottom", "designator": "J2", "mpn": null, "pack": "PinHeader_1x07_P2.54mm_Vertical", "value": "Conn_01x07_Male", "mount_type": "tht"}, {"pos_x": 92.63, "pos_y": -17.15, "rotation": 0.0, "side": "bottom", "designator": "J2", "mpn": null, "pack": "PinHeader_1x07_P2.54mm_Vertical", "value": "Conn_01x07_Male", "mount_type": "tht"}, {"pos_x": 59.63, "pos_y": -78.1, "rotation": 180.0, "side": "bottom", "designator": "J1", "mpn": null, "pack": "PinHeader_1x07_P2.54mm_Vertical", "value": "Conn_01x07_Male", "mount_type": "tht"}, {"pos_x": 73.6, "pos_y": -17.15, "rotation": 0.0, "side": "bottom", "designator": "J2", "mpn": null, "pack": "PinHeader_1x07_P2.54mm_Vertical", "value": "Conn_01x07_Male", "mount_type": "tht"}, {"pos_x": 2.54, "pos_y": -20.95, "rotation": 180.0, "side": "bottom", "designator": "J1", "mpn": null, "pack": "PinHeader_1x07_P2.54mm_Vertical", "value": "Conn_01x07_Male", "mount_type": "tht"}, {"pos_x": 78.66, "pos_y": -59.05, "rotation": 180.0, "side": "bottom", "designator": "J1", "mpn": null, "pack": "PinHeader_1x07_P2.54mm_Vertical", "value": "Conn_01x07_Male", "mount_type": "tht"}, {"pos_x": 66.615, "pos_y": -47.625, "rotation": -45.0, "side": "top", "designator": "U1", "mpn": null, "pack": "WQFN-14-1EP_2.5x2.5mm_P0.5mm_EP1.45x1.45mm", "value": "FUSB302BMPX", "mount_type": "smt"}, {"pos_x": 47.585, "pos_y": -66.675, "rotation": -45.0, "side": "top", "designator": "U1", "mpn": null, "pack": "WQFN-14-1EP_2.5x2.5mm_P0.5mm_EP1.45x1.45mm", "value": "FUSB302BMPX", "mount_type": "smt"}, {"pos_x": 28.555, "pos_y": -66.675, "rotation": -45.0, "side": "top", "designator": "U1", "mpn": null, "pack": "WQFN-14-1EP_2.5x2.5mm_P0.5mm_EP1.45x1.45mm", "value": "FUSB302BMPX", "mount_type": "smt"}, {"pos_x": 66.615, "pos_y": -28.575, "rotation": -45.0, "side": "top", "designator": "U1", "mpn": null, "pack": "WQFN-14-1EP_2.5x2.5mm_P0.5mm_EP1.45x1.45mm", "value": "FUSB302BMPX", "mount_type": "smt"}, {"pos_x": 9.525, "pos_y": -66.675, "rotation": -45.0, "side": "top", "designator": "U1", "mpn": null, "pack": "WQFN-14-1EP_2.5x2.5mm_P0.5mm_EP1.45x1.45mm", "value": "FUSB302BMPX", "mount_type": "smt"}, {"pos_x": 28.555, "pos_y": -9.525, "rotation": -45.0, "side": "top", "designator": "U1", "mpn": null, "pack": "WQFN-14-1EP_2.5x2.5mm_P0.5mm_EP1.45x1.45mm", "value": "FUSB302BMPX", "mount_type": "smt"}, {"pos_x": 9.525, "pos_y": -47.625, "rotation": -45.0, "side": "top", "designator": "U1", "mpn": null, "pack": "WQFN-14-1EP_2.5x2.5mm_P0.5mm_EP1.45x1.45mm", "value": "FUSB302BMPX", "mount_type": "smt"}, {"pos_x": 85.645, "pos_y": -28.575, "rotation": -45.0, "side": "top", "designator": "U1", "mpn": null, "pack": "WQFN-14-1EP_2.5x2.5mm_P0.5mm_EP1.45x1.45mm", "value": "FUSB302BMPX", "mount_type": "smt"}, {"pos_x": 47.585, "pos_y": -9.525, "rotation": -45.0, "side": "top", "designator": "U1", "mpn": null, "pack": "WQFN-14-1EP_2.5x2.5mm_P0.5mm_EP1.45x1.45mm", "value": "FUSB302BMPX", "mount_type": "smt"}, {"pos_x": 47.585, "pos_y": -85.725, "rotation": -45.0, "side": "top", "designator": "U1", "mpn": null, "pack": "WQFN-14-1EP_2.5x2.5mm_P0.5mm_EP1.45x1.45mm", "value": "FUSB302BMPX", "mount_type": "smt"}, {"pos_x": 28.555, "pos_y": -28.575, "rotation": -45.0, "side": "top", "designator": "U1", "mpn": null, "pack": "WQFN-14-1EP_2.5x2.5mm_P0.5mm_EP1.45x1.45mm", "value": "FUSB302BMPX", "mount_type": "smt"}, {"pos_x": 9.525, "pos_y": -9.525, "rotation": -45.0, "side": "top", "designator": "U1", "mpn": null, "pack": "WQFN-14-1EP_2.5x2.5mm_P0.5mm_EP1.45x1.45mm", "value": "FUSB302BMPX", "mount_type": "smt"}, {"pos_x": 85.645, "pos_y": -9.525, "rotation": -45.0, "side": "top", "designator": "U1", "mpn": null, "pack": "WQFN-14-1EP_2.5x2.5mm_P0.5mm_EP1.45x1.45mm", "value": "FUSB302BMPX", "mount_type": "smt"}, {"pos_x": 9.525, "pos_y": -85.725, "rotation": -45.0, "side": "top", "designator": "U1", "mpn": null, "pack": "WQFN-14-1EP_2.5x2.5mm_P0.5mm_EP1.45x1.45mm", "value": "FUSB302BMPX", "mount_type": "smt"}, {"pos_x": 28.555, "pos_y": -47.625, "rotation": -45.0, "side": "top", "designator": "U1", "mpn": null, "pack": "WQFN-14-1EP_2.5x2.5mm_P0.5mm_EP1.45x1.45mm", "value": "FUSB302BMPX", "mount_type": "smt"}, {"pos_x": 85.645, "pos_y": -66.675, "rotation": -45.0, "side": "top", "designator": "U1", "mpn": null, "pack": "WQFN-14-1EP_2.5x2.5mm_P0.5mm_EP1.45x1.45mm", "value": "FUSB302BMPX", "mount_type": "smt"}, {"pos_x": 9.525, "pos_y": -28.575, "rotation": -45.0, "side": "top", "designator": "U1", "mpn": null, "pack": "WQFN-14-1EP_2.5x2.5mm_P0.5mm_EP1.45x1.45mm", "value": "FUSB302BMPX", "mount_type": "smt"}, {"pos_x": 47.585, "pos_y": -28.575, "rotation": -45.0, "side": "top", "designator": "U1", "mpn": null, "pack": "WQFN-14-1EP_2.5x2.5mm_P0.5mm_EP1.45x1.45mm", "value": "FUSB302BMPX", "mount_type": "smt"}, {"pos_x": 66.615, "pos_y": -66.675, "rotation": -45.0, "side": "top", "designator": "U1", "mpn": null, "pack": "WQFN-14-1EP_2.5x2.5mm_P0.5mm_EP1.45x1.45mm", "value": "FUSB302BMPX", "mount_type": "smt"}, {"pos_x": 85.645, "pos_y": -85.725, "rotation": -45.0, "side": "top", "designator": "U1", "mpn": null, "pack": "WQFN-14-1EP_2.5x2.5mm_P0.5mm_EP1.45x1.45mm", "value": "FUSB302BMPX", "mount_type": "smt"}, {"pos_x": 66.615, "pos_y": -85.725, "rotation": -45.0, "side": "top", "designator": "U1", "mpn": null, "pack": "WQFN-14-1EP_2.5x2.5mm_P0.5mm_EP1.45x1.45mm", "value": "FUSB302BMPX", "mount_type": "smt"}, {"pos_x": 85.645, "pos_y": -47.625, "rotation": -45.0, "side": "top", "designator": "U1", "mpn": null, "pack": "WQFN-14-1EP_2.5x2.5mm_P0.5mm_EP1.45x1.45mm", "value": "FUSB302BMPX", "mount_type": "smt"}, {"pos_x": 66.615, "pos_y": -9.525, "rotation": -45.0, "side": "top", "designator": "U1", "mpn": null, "pack": "WQFN-14-1EP_2.5x2.5mm_P0.5mm_EP1.45x1.45mm", "value": "FUSB302BMPX", "mount_type": "smt"}, {"pos_x": 28.555, "pos_y": -85.725, "rotation": -45.0, "side": "top", "designator": "U1", "mpn": null, "pack": "WQFN-14-1EP_2.5x2.5mm_P0.5mm_EP1.45x1.45mm", "value": "FUSB302BMPX", "mount_type": "smt"}, {"pos_x": 47.585, "pos_y": -47.625, "rotation": -45.0, "side": "top", "designator": "U1", "mpn": null, "pack": "WQFN-14-1EP_2.5x2.5mm_P0.5mm_EP1.45x1.45mm", "value": "FUSB302BMPX", "mount_type": "smt"}]